{
  "signal": "crossover",
  "params": {
    "FAST": 0.6,
    "FEATURE": "entropy",
    "MODE": "area",
    "SLOW": 0.2
  },
  "objective": "auroc",
  "split": {
    "test_frac": 0.3,
    "seed": 0
  },
  "search": {
    "space": {
      "FEATURE": [
        "entropy",
        "surprisal"
      ],
      "FAST": [
        0.4,
        0.6,
        0.8,
        1.0
      ],
      "SLOW": [
        0.02,
        0.05,
        0.1,
        0.2
      ],
      "MODE": [
        "max_gap",
        "area"
      ]
    },
    "n_trials": null,
    "seed": 0
  },
  "in_sample": {
    "auroc": 0.7277891525151552,
    "ap": 0.41681090935466036,
    "f1": 0.4797507788161994,
    "threshold": 2.5766479695200606,
    "accuracy": 0.6969147005444646,
    "base_rate": 0.20689655172413793,
    "n": 551
  },
  "out_sample": {
    "auroc": 0.6251628310898828,
    "ap": 0.3334631210184202,
    "f1": 0.4019138755980861,
    "threshold": 0.9399524569873149,
    "accuracy": 0.47257383966244726,
    "base_rate": 0.20675105485232068,
    "n": 237
  },
  "data": "data/results.json",
  "created": "20260713_120446"
}
