{
  "signal": "ensemble",
  "params": {
    "ENTRY_Z": 2.0,
    "FEATURE": "entropy",
    "MIN_STD": 0.5,
    "W": 0.5,
    "WINDOW": 10
  },
  "objective": "auroc",
  "split": {
    "test_frac": 0.3,
    "seed": 0
  },
  "search": {
    "space": {
      "W": [
        0.0,
        0.02,
        0.05,
        0.1,
        0.2,
        0.5,
        1.0,
        2.0
      ],
      "FEATURE": [
        "entropy",
        "surprisal"
      ],
      "WINDOW": [
        5,
        10
      ],
      "ENTRY_Z": [
        1.0,
        1.5,
        2.0
      ],
      "MIN_STD": [
        0.5
      ]
    },
    "n_trials": null,
    "seed": 0
  },
  "in_sample": {
    "auroc": 0.772451724276366,
    "ap": 0.4794508142259566,
    "f1": 0.5306122448979592,
    "threshold": 0.5058265717709978,
    "accuracy": 0.7495462794918331,
    "base_rate": 0.20689655172413793,
    "n": 551
  },
  "out_sample": {
    "auroc": 0.6737950499348676,
    "ap": 0.39524103874276545,
    "f1": 0.43902439024390244,
    "threshold": 0.48254755543656963,
    "accuracy": 0.7088607594936709,
    "base_rate": 0.20675105485232068,
    "n": 237
  },
  "data": "data/results.json",
  "created": "20260713_123618"
}
